Label,# Samples,Average,Median,90% Line,95% Line,99% Line,Min,Max,Error %,Throughput,Received KB/sec,Sent KB/sec
/api/health/count,1142,1087,1179,1513,1630,1863,38,1965,1.313%,13.59071,3.92,1.96
/api/health/find,1127,1055,1136,1482,1641,1831,8,1990,1.686%,13.42098,8.21,1.92
/api/health/insert,1108,1063,1142,1495,1646,1848,8,1990,2.076%,13.19692,4.04,1.91
/api/health/update,1085,1074,1148,1493,1640,1820,10,1932,1.014%,12.92436,7.70,1.89
/api/health/where-like,1074,1357,1416,1873,1984,2163,115,2344,1.769%,12.79440,3.92,1.90
/api/health/where-in,1055,1112,1170,1547,1696,1845,10,1954,1.232%,12.58695,4.35,1.86
TOTAL,6591,1123,1185,1600,1754,1964,8,2344,1.517%,78.43721,32.12,11.43
